codigo,descricao,tipo,unidade,preco_custo,preco_venda,estoque_minimo,aliq_icms,aliq_ipi,aliq_pis,aliq_cofins,ncm
ACOPO-001,ABRAC COPO-BASE,PRODUTO_ACABADO,UN,0,0,0,12,0,0.65,3.00,
ACH-001,"ABRAC D C/CUNHA 1/2""",PRODUTO_ACABADO,UN,0,0,0,12,0,0.65,3.00,
ACH-002,"ABRAC D C/CUNHA 3/4""",PRODUTO_ACABADO,UN,0,0,0,12,0,0.65,3.00,
ACH-003,"ABRAC D C/CUNHA 1""",PRODUTO_ACABADO,UN,0,0,0,12,0,0.65,3.00,
ACH-004,"ABRAC D C/CUNHA 1 1/4""",PRODUTO_ACABADO,UN,0,0,0,12,0,0.65,3.00,
ACH-005,"ABRAC D C/CUNHA 1 1/2""",PRODUTO_ACABADO,UN,0,0,0,12,0,0.65,3.00,
ACH-006,"ABRAC D C/CUNHA 2""",PRODUTO_ACABADO,UN,0,0,0,12,0,0.65,3.00,
ACH-007,"ABRAC D C/CUNHA 2 1/2""",PRODUTO_ACABADO,UN,0,0,0,12,0,0.65,3.00,
ACH-008,"ABRAC D C/CUNHA 3""",PRODUTO_ACABADO,UN,0,0,0,12,0,0.65,3.00,
ACH-009,"ABRAC D C/CUNHA 3 1/2""",PRODUTO_ACABADO,UN,0,0,0,12,0,0.65,3.00,
ACH-010,"ABRAC D C/CUNHA 4""",PRODUTO_ACABADO,UN,0,0,0,12,0,0.65,3.00,
ACH-011,"ABRAC D CUNHA 3""",PRODUTO_ACABADO,UN,0,0,0,12,0,0.65,3.00,
AGOT-001,"ABRAC GOTA 1/2""",PRODUTO_ACABADO,UN,0,0,0,12,0,0.65,3.00,
AGOT-002,"ABRAC GOTA 3/4""",PRODUTO_ACABADO,UN,0,0,0,12,0,0.65,3.00,
AGOT-003,"ABRAC GOTA 1""",PRODUTO_ACABADO,UN,0,0,0,12,0,0.65,3.00,
AGOT-004,"ABRAC GOTA 1 1/4""",PRODUTO_ACABADO,UN,0,0,0,12,0,0.65,3.00,
AGOT-005,"ABRAC GOTA 1 1/2""",PRODUTO_ACABADO,UN,0,0,0,12,0,0.65,3.00,
AGOT-006,"ABRAC GOTA 2""",PRODUTO_ACABADO,UN,0,0,0,12,0,0.65,3.00,
AGOT-007,"ABRAC GOTA 2 1/2""",PRODUTO_ACABADO,UN,0,0,0,12,0,0.65,3.00,
AGOT-008,"ABRAC GOTA 3""",PRODUTO_ACABADO,UN,0,0,0,12,0,0.65,3.00,
AGOT-009,"ABRAC GOTA 3 1/2""",PRODUTO_ACABADO,UN,0,0,0,12,0,0.65,3.00,
AGOT-010,"ABRAC GOTA 4""",PRODUTO_ACABADO,UN,0,0,0,12,0,0.65,3.00,
AGOT-011,"ABRAC GOTA 5""",PRODUTO_ACABADO,UN,0,0,0,12,0,0.65,3.00,
AGOT-012,"ABRAC GOTA 6""",PRODUTO_ACABADO,UN,0,0,0,12,0,0.65,3.00,
AGOT-013,"ABRAC GOTA 8""",PRODUTO_ACABADO,UN,0,0,0,12,0,0.65,3.00,
AGOT-014,"ABRAC GOTA 10""",PRODUTO_ACABADO,UN,0,0,0,12,0,0.65,3.00,
AGOT-015,"ABRAC GOTA 12""",PRODUTO_ACABADO,UN,0,0,0,12,0,0.65,3.00,
AGOT-016,"ABRAC GOTA 14""",PRODUTO_ACABADO,UN,0,0,0,12,0,0.65,3.00,
AGOT-017,"ABRAC GOTA 16""",PRODUTO_ACABADO,UN,0,0,0,12,0,0.65,3.00,
AGOT-018,"ABRAC GOTA 1 1/2"" INOX 1 1/2""",PRODUTO_ACABADO,UN,0,0,0,12,0,0.65,3.00,
AGOT-019,"ABRAC GOTA 1 1/4"" INOX 1 1/4""",PRODUTO_ACABADO,UN,0,0,0,12,0,0.65,3.00,
AGOT-020,"ABRAC GOTA 1"" INOX 1""",PRODUTO_ACABADO,UN,0,0,0,12,0,0.65,3.00,
AGOT-021,"ABRAC GOTA 2 1/2"" INOX 2 1/2""",PRODUTO_ACABADO,UN,0,0,0,12,0,0.65,3.00,
AGOT-022,"ABRAC GOTA 2"" INOX 2""",PRODUTO_ACABADO,UN,0,0,0,12,0,0.65,3.00,
AGOT-023,"ABRAC GOTA 3"" INOX 3""",PRODUTO_ACABADO,UN,0,0,0,12,0,0.65,3.00,
AGOT-024,"ABRAC GOTA 3/4"" INOX 3/4""",PRODUTO_ACABADO,UN,0,0,0,12,0,0.65,3.00,
AUP-001,"ABRAC U PERFIL 1/2""",PRODUTO_ACABADO,UN,0,0,0,12,0,0.65,3.00,
AUP-002,"ABRAC U PERFIL 3/4""",PRODUTO_ACABADO,UN,0,0,0,12,0,0.65,3.00,
AUP-003,"ABRAC U PERFIL 1""",PRODUTO_ACABADO,UN,0,0,0,12,0,0.65,3.00,
AUP-004,"ABRAC U PERFIL 1 1/4""",PRODUTO_ACABADO,UN,0,0,0,12,0,0.65,3.00,
AUP-005,"ABRAC U PERFIL 1 1/2""",PRODUTO_ACABADO,UN,0,0,0,12,0,0.65,3.00,
AUP-006,"ABRAC U PERFIL 2""",PRODUTO_ACABADO,UN,0,0,0,12,0,0.65,3.00,
AUP-007,"ABRAC U PERFIL 2 1/2""",PRODUTO_ACABADO,UN,0,0,0,12,0,0.65,3.00,
AUP-008,"ABRAC U PERFIL 3""",PRODUTO_ACABADO,UN,0,0,0,12,0,0.65,3.00,
AUP-009,"ABRAC U PERFIL 3 1/2""",PRODUTO_ACABADO,UN,0,0,0,12,0,0.65,3.00,
AUP-010,"ABRAC U PERFIL 4""",PRODUTO_ACABADO,UN,0,0,0,12,0,0.65,3.00,
AUS-001,"ABRAC U SIMPLES 1/2""",PRODUTO_ACABADO,UN,0,0,0,12,0,0.65,3.00,
AUS-002,"ABRAC U SIMPLES 3/4""",PRODUTO_ACABADO,UN,0,0,0,12,0,0.65,3.00,
AUS-003,"ABRAC U SIMPLES 1""",PRODUTO_ACABADO,UN,0,0,0,12,0,0.65,3.00,
AUS-004,"ABRAC U SIMPLES 1 1/4""",PRODUTO_ACABADO,UN,0,0,0,12,0,0.65,3.00,
AUS-005,"ABRAC U SIMPLES 1 1/2""",PRODUTO_ACABADO,UN,0,0,0,12,0,0.65,3.00,
AUS-006,"ABRAC U SIMPLES 2""",PRODUTO_ACABADO,UN,0,0,0,12,0,0.65,3.00,
AUS-007,"ABRAC U SIMPLES 2 1/2""",PRODUTO_ACABADO,UN,0,0,0,12,0,0.65,3.00,
AUS-008,"ABRAC U SIMPLES 3""",PRODUTO_ACABADO,UN,0,0,0,12,0,0.65,3.00,
AUS-009,"ABRAC U SIMPLES 3 1/2""",PRODUTO_ACABADO,UN,0,0,0,12,0,0.65,3.00,
AUS-010,"ABRAC U SIMPLES 4""",PRODUTO_ACABADO,UN,0,0,0,12,0,0.65,3.00,
AUS-011,"ABRAC U SIMPLES 5""",PRODUTO_ACABADO,UN,0,0,0,12,0,0.65,3.00,
AUS-012,"ABRAC U SIMPLES 5 1/2""",PRODUTO_ACABADO,UN,0,0,0,12,0,0.65,3.00,
AUS-013,"ABRAC U SIMPLES 8""",PRODUTO_ACABADO,UN,0,0,0,12,0,0.65,3.00,
AUS-014,ABRAC U SIMPLES 200mm,PRODUTO_ACABADO,UN,0,0,0,12,0,0.65,3.00,
AUS-015,"ABRAC U SIMPLES 6"" 6""",PRODUTO_ACABADO,UN,0,0,0,12,0,0.65,3.00,
AVGALV-001,"ABRAC U VERG GF 2 1/2"" X 2 1/2""",PRODUTO_ACABADO,UN,0,0,0,12,0,0.65,3.00,
AVINX-001,"ABRAC U VERG INOX 1 1/2"" X 1 1/2""",PRODUTO_ACABADO,UN,0,0,0,12,0,0.65,3.00,
AVINX-002,"ABRAC U VERG INOX 1 1/4"" X 1 1/4""",PRODUTO_ACABADO,UN,0,0,0,12,0,0.65,3.00,
AVINX-003,"ABRAC U VERG INOX 1"" X 1/4""",PRODUTO_ACABADO,UN,0,0,0,12,0,0.65,3.00,
AVINX-004,"ABRAC U VERG INOX 1"" X 5/16""",PRODUTO_ACABADO,UN,0,0,0,12,0,0.65,3.00,
AVINX-005,"ABRAC U VERG INOX 1"" X 3/8""",PRODUTO_ACABADO,UN,0,0,0,12,0,0.65,3.00,
AVINX-006,"ABRAC U VERG INOX 1/2"" X 1/2""",PRODUTO_ACABADO,UN,0,0,0,12,0,0.65,3.00,
AVINX-007,"ABRAC U VERG INOX 10"" X 1/4""",PRODUTO_ACABADO,UN,0,0,0,12,0,0.65,3.00,
AVINX-008,"ABRAC U VERG INOX 10"" X 5/16""",PRODUTO_ACABADO,UN,0,0,0,12,0,0.65,3.00,
AVINX-009,"ABRAC U VERG INOX 10"" X 1/2""",PRODUTO_ACABADO,UN,0,0,0,12,0,0.65,3.00,
AVINX-010,"ABRAC U VERG INOX 2 1/2"" X 2 1/2""",PRODUTO_ACABADO,UN,0,0,0,12,0,0.65,3.00,
AVINX-011,"ABRAC U VERG INOX 2"" X 1/4""",PRODUTO_ACABADO,UN,0,0,0,12,0,0.65,3.00,
AVINX-012,"ABRAC U VERG INOX 2"" X 5/16""",PRODUTO_ACABADO,UN,0,0,0,12,0,0.65,3.00,
AVINX-013,"ABRAC U VERG INOX 2"" X 3/8""",PRODUTO_ACABADO,UN,0,0,0,12,0,0.65,3.00,
AVINX-014,"ABRAC U VERG INOX 3 1/2"" X 3 1/2""",PRODUTO_ACABADO,UN,0,0,0,12,0,0.65,3.00,
AVINX-015,"ABRAC U VERG INOX 3"" X 1/4""",PRODUTO_ACABADO,UN,0,0,0,12,0,0.65,3.00,
AVINX-016,"ABRAC U VERG INOX 3"" X 5/16""",PRODUTO_ACABADO,UN,0,0,0,12,0,0.65,3.00,
AVINX-017,"ABRAC U VERG INOX 3"" X 3/8""",PRODUTO_ACABADO,UN,0,0,0,12,0,0.65,3.00,
AVINX-018,"ABRAC U VERG INOX 3/4"" X 3/4""",PRODUTO_ACABADO,UN,0,0,0,12,0,0.65,3.00,
AVINX-019,"ABRAC U VERG INOX 3/8"" X 3/8""",PRODUTO_ACABADO,UN,0,0,0,12,0,0.65,3.00,
AVINX-020,"ABRAC U VERG INOX 4"" X 1/4""",PRODUTO_ACABADO,UN,0,0,0,12,0,0.65,3.00,
AVINX-021,"ABRAC U VERG INOX 4"" X 5/16""",PRODUTO_ACABADO,UN,0,0,0,12,0,0.65,3.00,
AVINX-022,"ABRAC U VERG INOX 4"" X 3/8""",PRODUTO_ACABADO,UN,0,0,0,12,0,0.65,3.00,
AVINX-023,"ABRAC U VERG INOX 5"" X 1/4""",PRODUTO_ACABADO,UN,0,0,0,12,0,0.65,3.00,
AVINX-024,"ABRAC U VERG INOX 5"" X 3/8""",PRODUTO_ACABADO,UN,0,0,0,12,0,0.65,3.00,
AVINX-025,"ABRAC U VERG INOX 6"" X 5/16""",PRODUTO_ACABADO,UN,0,0,0,12,0,0.65,3.00,
AVINX-026,"ABRAC U VERG INOX 6"" X 3/8""",PRODUTO_ACABADO,UN,0,0,0,12,0,0.65,3.00,
AVINX-027,"ABRAC U VERG INOX 6"" X 1/2""",PRODUTO_ACABADO,UN,0,0,0,12,0,0.65,3.00,
AVINX-028,"ABRAC U VERG INOX 8"" X 5/16""",PRODUTO_ACABADO,UN,0,0,0,12,0,0.65,3.00,
AVINX-029,"ABRAC U VERG INOX 8"" X 3/8""",PRODUTO_ACABADO,UN,0,0,0,12,0,0.65,3.00,
AVINX-030,"ABRAC U VERG INOX 8"" X 1/2""",PRODUTO_ACABADO,UN,0,0,0,12,0,0.65,3.00,
AVZB-001,"ABRAC U VERG ZB 1 1/2"" X 1 1/2""",PRODUTO_ACABADO,UN,0,0,0,12,0,0.65,3.00,
AVZB-002,"ABRAC U VERG ZB 1 1/4"" X 1 1/4""",PRODUTO_ACABADO,UN,0,0,0,12,0,0.65,3.00,
AVZB-003,"ABRAC U VERG ZB 1"" X 1/4""",PRODUTO_ACABADO,UN,0,0,0,12,0,0.65,3.00,
AVZB-004,"ABRAC U VERG ZB 1"" X 5/16""",PRODUTO_ACABADO,UN,0,0,0,12,0,0.65,3.00,
AVZB-005,"ABRAC U VERG ZB 1"" X 3/8""",PRODUTO_ACABADO,UN,0,0,0,12,0,0.65,3.00,
AVZB-006,"ABRAC U VERG ZB 1/2"" X 1/2""",PRODUTO_ACABADO,UN,0,0,0,12,0,0.65,3.00,
AVZB-007,"ABRAC U VERG ZB 10"" X 1/4""",PRODUTO_ACABADO,UN,0,0,0,12,0,0.65,3.00,
AVZB-008,"ABRAC U VERG ZB 10"" X 5/16""",PRODUTO_ACABADO,UN,0,0,0,12,0,0.65,3.00,
AVZB-009,"ABRAC U VERG ZB 10"" X 3/8""",PRODUTO_ACABADO,UN,0,0,0,12,0,0.65,3.00,
AVZB-010,"ABRAC U VERG ZB 10"" X 1/2""",PRODUTO_ACABADO,UN,0,0,0,12,0,0.65,3.00,
AVZB-011,"ABRAC U VERG ZB 12"" X 1/4""",PRODUTO_ACABADO,UN,0,0,0,12,0,0.65,3.00,
AVZB-012,"ABRAC U VERG ZB 12"" X 5/16""",PRODUTO_ACABADO,UN,0,0,0,12,0,0.65,3.00,
AVZB-013,"ABRAC U VERG ZB 12"" X 3/8""",PRODUTO_ACABADO,UN,0,0,0,12,0,0.65,3.00,
AVZB-014,"ABRAC U VERG ZB 12"" X 1/2""",PRODUTO_ACABADO,UN,0,0,0,12,0,0.65,3.00,
AVZB-015,"ABRAC U VERG ZB 18"" X 1/4""",PRODUTO_ACABADO,UN,0,0,0,12,0,0.65,3.00,
AVZB-016,"ABRAC U VERG ZB 18"" X 3/8""",PRODUTO_ACABADO,UN,0,0,0,12,0,0.65,3.00,
AVZB-017,"ABRAC U VERG ZB 2 1/2"" X 2 1/2""",PRODUTO_ACABADO,UN,0,0,0,12,0,0.65,3.00,
AVZB-018,"ABRAC U VERG ZB 2"" X 1/4""",PRODUTO_ACABADO,UN,0,0,0,12,0,0.65,3.00,
AVZB-019,"ABRAC U VERG ZB 2"" X 5/16""",PRODUTO_ACABADO,UN,0,0,0,12,0,0.65,3.00,
AVZB-020,"ABRAC U VERG ZB 2"" X 3/8""",PRODUTO_ACABADO,UN,0,0,0,12,0,0.65,3.00,
AVZB-021,"ABRAC U VERG ZB 2"" X 1/2""",PRODUTO_ACABADO,UN,0,0,0,12,0,0.65,3.00,
AVZB-022,"ABRAC U VERG ZB 3 1/2"" X 3 1/2""",PRODUTO_ACABADO,UN,0,0,0,12,0,0.65,3.00,
AVZB-023,"ABRAC U VERG ZB 3"" X 1/4""",PRODUTO_ACABADO,UN,0,0,0,12,0,0.65,3.00,
AVZB-024,"ABRAC U VERG ZB 3"" X 5/16""",PRODUTO_ACABADO,UN,0,0,0,12,0,0.65,3.00,
AVZB-025,"ABRAC U VERG ZB 3"" X 3/8""",PRODUTO_ACABADO,UN,0,0,0,12,0,0.65,3.00,
AVZB-026,"ABRAC U VERG ZB 3"" X 1/2""",PRODUTO_ACABADO,UN,0,0,0,12,0,0.65,3.00,
AVZB-027,"ABRAC U VERG ZB 3/4"" X 3/4""",PRODUTO_ACABADO,UN,0,0,0,12,0,0.65,3.00,
AVZB-028,"ABRAC U VERG ZB 3/8"" X 3/8""",PRODUTO_ACABADO,UN,0,0,0,12,0,0.65,3.00,
AVZB-029,"ABRAC U VERG ZB 4"" X 1/4""",PRODUTO_ACABADO,UN,0,0,0,12,0,0.65,3.00,
AVZB-030,"ABRAC U VERG ZB 4"" X 5/16""",PRODUTO_ACABADO,UN,0,0,0,12,0,0.65,3.00,
AVZB-031,"ABRAC U VERG ZB 4"" X 3/8""",PRODUTO_ACABADO,UN,0,0,0,12,0,0.65,3.00,
AVZB-032,"ABRAC U VERG ZB 4"" X 1/2""",PRODUTO_ACABADO,UN,0,0,0,12,0,0.65,3.00,
AVZB-033,"ABRAC U VERG ZB 5"" X 5/16""",PRODUTO_ACABADO,UN,0,0,0,12,0,0.65,3.00,
AVZB-034,"ABRAC U VERG ZB 5"" X 3/8""",PRODUTO_ACABADO,UN,0,0,0,12,0,0.65,3.00,
AVZB-035,"ABRAC U VERG ZB 5"" X 1/2""",PRODUTO_ACABADO,UN,0,0,0,12,0,0.65,3.00,
AVZB-036,"ABRAC U VERG ZB 6"" X 1/4""",PRODUTO_ACABADO,UN,0,0,0,12,0,0.65,3.00,
AVZB-037,"ABRAC U VERG ZB 6"" X 5/16""",PRODUTO_ACABADO,UN,0,0,0,12,0,0.65,3.00,
AVZB-038,"ABRAC U VERG ZB 6"" X 3/8""",PRODUTO_ACABADO,UN,0,0,0,12,0,0.65,3.00,
AVZB-039,"ABRAC U VERG ZB 6"" X 1/2""",PRODUTO_ACABADO,UN,0,0,0,12,0,0.65,3.00,
AVZB-040,"ABRAC U VERG ZB 8"" X 1/4""",PRODUTO_ACABADO,UN,0,0,0,12,0,0.65,3.00,
AVZB-041,"ABRAC U VERG ZB 8"" X 5/16""",PRODUTO_ACABADO,UN,0,0,0,12,0,0.65,3.00,
AVZB-042,"ABRAC U VERG ZB 8"" X 3/8""",PRODUTO_ACABADO,UN,0,0,0,12,0,0.65,3.00,
AVZB-043,"ABRAC U VERG ZB 8"" X 1/2""",PRODUTO_ACABADO,UN,0,0,0,12,0,0.65,3.00,
ACP-001,"ABRAC D C/PARAF 1/2""",PRODUTO_ACABADO,UN,0,0,0,12,0,0.65,3.00,
ACP-002,"ABRAC D C/PARAF 3/4""",PRODUTO_ACABADO,UN,0,0,0,12,0,0.65,3.00,
ACP-003,"ABRAC D C/PARAF 1""",PRODUTO_ACABADO,UN,0,0,0,12,0,0.65,3.00,
ACP-004,"ABRAC D C/PARAF 1 1/4""",PRODUTO_ACABADO,UN,0,0,0,12,0,0.65,3.00,
ACP-005,"ABRAC D C/PARAF 1 1/2""",PRODUTO_ACABADO,UN,0,0,0,12,0,0.65,3.00,
ACP-006,"ABRAC D C/PARAF 2""",PRODUTO_ACABADO,UN,0,0,0,12,0,0.65,3.00,
ACP-007,"ABRAC D C/PARAF 2 1/2""",PRODUTO_ACABADO,UN,0,0,0,12,0,0.65,3.00,
ACP-008,"ABRAC D C/PARAF 3""",PRODUTO_ACABADO,UN,0,0,0,12,0,0.65,3.00,
ACP-009,"ABRAC D C/PARAF 3 1/2""",PRODUTO_ACABADO,UN,0,0,0,12,0,0.65,3.00,
ACP-010,"ABRAC D C/PARAF 4""",PRODUTO_ACABADO,UN,0,0,0,12,0,0.65,3.00,
ACP-011,"ABRAC D C/PARAF 6""",PRODUTO_ACABADO,UN,0,0,0,12,0,0.65,3.00,
ACP-012,"ABRAC D C/PARAF INOX 1/2""",PRODUTO_ACABADO,UN,0,0,0,12,0,0.65,3.00,
ACP-013,"ABRAC D C/PARAF INOX 3/4""",PRODUTO_ACABADO,UN,0,0,0,12,0,0.65,3.00,
ACP-014,"ABRAC D C/PARAF INOX 1""",PRODUTO_ACABADO,UN,0,0,0,12,0,0.65,3.00,
ACP-015,"ABRAC D C/PARAF INOX 1 1/4""",PRODUTO_ACABADO,UN,0,0,0,12,0,0.65,3.00,
ACP-016,"ABRAC D C/PARAF INOX 1 1/2""",PRODUTO_ACABADO,UN,0,0,0,12,0,0.65,3.00,
ACP-017,"ABRAC D C/PARAF INOX 2""",PRODUTO_ACABADO,UN,0,0,0,12,0,0.65,3.00,
ACP-018,"ABRAC D C/PARAF INOX 2 1/2""",PRODUTO_ACABADO,UN,0,0,0,12,0,0.65,3.00,
ACP-019,"ABRAC D C/PARAF INOX 3""",PRODUTO_ACABADO,UN,0,0,0,12,0,0.65,3.00,
ACP-020,"ABRAC D C/PARAF INOX 3 1/2""",PRODUTO_ACABADO,UN,0,0,0,12,0,0.65,3.00,
ACP-021,"ABRAC D C/PARAF INOX 4""",PRODUTO_ACABADO,UN,0,0,0,12,0,0.65,3.00,
BAL-001,BALANCIM,PRODUTO_ACABADO,UN,0,0,0,12,0,0.65,3.00,
BR-001,"BARRA ROSC INOX 1/4"" X 1/4""",PRODUTO_ACABADO,UN,0,0,0,12,0,0.65,3.00,
BR-002,"BARRA ROSC INOX 3/8"" X 3/8""",PRODUTO_ACABADO,UN,0,0,0,12,0,0.65,3.00,
BR-003,"BARRA ROSC ZB 1/2"" X 1/2""",PRODUTO_ACABADO,UN,0,0,0,12,0,0.65,3.00,
BR-004,"BARRA ROSC ZB 1/4"" X 1/4""",PRODUTO_ACABADO,UN,0,0,0,12,0,0.65,3.00,
BR-005,"BARRA ROSC ZB 3/8"" X 3/8""",PRODUTO_ACABADO,UN,0,0,0,12,0,0.65,3.00,
BR-006,"BARRA ROSC ZB 5/16"" X 5/16""",PRODUTO_ACABADO,UN,0,0,0,12,0,0.65,3.00,
CT-001,CAIXA DE TOMADA-CORPO,PRODUTO_ACABADO,UN,0,0,0,12,0,0.65,3.00,
CT-002,CAIXA DE TOMADA-TAMPA,PRODUTO_ACABADO,UN,0,0,0,12,0,0.65,3.00,
CANT-001,CANTON. REFORC. 2 FUROS,PRODUTO_ACABADO,UN,0,0,0,12,0,0.65,3.00,
CANT-002,CANTON. SIMPLES 2 FUROS,PRODUTO_ACABADO,UN,0,0,0,12,0,0.65,3.00,
CANT-003,CANTONEIRA REFOR 4 FUROS,PRODUTO_ACABADO,UN,0,0,0,12,0,0.65,3.00,
CANT-004,CANTONEIRA ZZ-19X38 19x38,PRODUTO_ACABADO,UN,0,0,0,12,0,0.65,3.00,
CANT-005,CANTONEIRA ZZ-38X38 38x38,PRODUTO_ACABADO,UN,0,0,0,12,0,0.65,3.00,
COMP-001,COMPLEMENTO T-X,PRODUTO_ACABADO,UN,0,0,0,12,0,0.65,3.00,
CUNH-001,CUNHA AVULSA,PRODUTO_ACABADO,UN,0,0,0,12,0,0.65,3.00,
EC-001,ELETROCALHA 50x50,PRODUTO_ACABADO,UN,0,0,0,12,0,0.65,3.00,
EC-002,ELETROCALHA 100x50,PRODUTO_ACABADO,UN,0,0,0,12,0,0.65,3.00,
EC-003,ELETROCALHA 100x100,PRODUTO_ACABADO,UN,0,0,0,12,0,0.65,3.00,
EC-004,EMENDA U ELETROCALHA 50x50,PRODUTO_ACABADO,UN,0,0,0,12,0,0.65,3.00,
EC-005,EMENDA U ELETROCALHA 75x50,PRODUTO_ACABADO,UN,0,0,0,12,0,0.65,3.00,
EC-006,EMENDA U ELETROCALHA 100x50,PRODUTO_ACABADO,UN,0,0,0,12,0,0.65,3.00,
EC-007,EMENDA U ELETROCALHA 100x100,PRODUTO_ACABADO,UN,0,0,0,12,0,0.65,3.00,
EC-008,EMENDA U ELETROCALHA 150x50,PRODUTO_ACABADO,UN,0,0,0,12,0,0.65,3.00,
EC-009,EMENDA U ELETROCALHA 150x100,PRODUTO_ACABADO,UN,0,0,0,12,0,0.65,3.00,
EC-010,EMENDA U ELETROCALHA 200x100,PRODUTO_ACABADO,UN,0,0,0,12,0,0.65,3.00,
EC-011,EMENDA U ELETROCALHA 300x100,PRODUTO_ACABADO,UN,0,0,0,12,0,0.65,3.00,
FECH-001,"FECHO GALV 3/4""",PRODUTO_ACABADO,UN,0,0,0,12,0,0.65,3.00,
FITA-001,FITA GALV 1mt,PRODUTO_ACABADO,UN,0,0,0,12,0,0.65,3.00,
FITA-002,FITA GALV 5mt,PRODUTO_ACABADO,UN,0,0,0,12,0,0.65,3.00,
FITA-003,FITA GALV 10mt,PRODUTO_ACABADO,UN,0,0,0,12,0,0.65,3.00,
FITA-004,FITA GALV 15mt,PRODUTO_ACABADO,UN,0,0,0,12,0,0.65,3.00,
FITA-005,FITA GALV 20mt,PRODUTO_ACABADO,UN,0,0,0,12,0,0.65,3.00,
FITA-006,FITA GALV 25mt,PRODUTO_ACABADO,UN,0,0,0,12,0,0.65,3.00,
FITA-007,FITA GALV 30mt,PRODUTO_ACABADO,UN,0,0,0,12,0,0.65,3.00,
FITA-008,FITA INOX,PRODUTO_ACABADO,UN,0,0,0,12,0,0.65,3.00,
FITA-009,FITA INOX 1mt,PRODUTO_ACABADO,UN,0,0,0,12,0,0.65,3.00,
FITA-010,FITA INOX 5mt,PRODUTO_ACABADO,UN,0,0,0,12,0,0.65,3.00,
FITA-011,FITA INOX 10mt,PRODUTO_ACABADO,UN,0,0,0,12,0,0.65,3.00,
FITA-012,FITA INOX 15mt,PRODUTO_ACABADO,UN,0,0,0,12,0,0.65,3.00,
FITA-013,FITA INOX 20mt,PRODUTO_ACABADO,UN,0,0,0,12,0,0.65,3.00,
FITA-014,FITA INOX 25mt,PRODUTO_ACABADO,UN,0,0,0,12,0,0.65,3.00,
FITA-015,FITA INOX 30mt,PRODUTO_ACABADO,UN,0,0,0,12,0,0.65,3.00,
GANCH-001,GANCHO CURTO LUMIN,PRODUTO_ACABADO,UN,0,0,0,12,0,0.65,3.00,
GANCH-002,GANCHO CURTO PERFIL,PRODUTO_ACABADO,UN,0,0,0,12,0,0.65,3.00,
GANCH-003,GANCHO LONGO LUMIN,PRODUTO_ACABADO,UN,0,0,0,12,0,0.65,3.00,
GANCH-004,GANCHO LONGO PERFIL,PRODUTO_ACABADO,UN,0,0,0,12,0,0.65,3.00,
GRAM-001,GRAMPO C,PRODUTO_ACABADO,UN,0,0,0,12,0,0.65,3.00,
JUN-001,"ABRAC COPO JUNCAO INF. 1/2""",PRODUTO_ACABADO,UN,0,0,0,12,0,0.65,3.00,
JUN-002,"ABRAC COPO JUNCAO INF. 3/4""",PRODUTO_ACABADO,UN,0,0,0,12,0,0.65,3.00,
JUN-003,"ABRAC COPO JUNCAO INF. 1""",PRODUTO_ACABADO,UN,0,0,0,12,0,0.65,3.00,
JUN-004,"ABRAC COPO JUNCAO INF. 1 1/4""",PRODUTO_ACABADO,UN,0,0,0,12,0,0.65,3.00,
JUN-005,"ABRAC COPO JUNCAO INF. 1 1/2""",PRODUTO_ACABADO,UN,0,0,0,12,0,0.65,3.00,
JUN-006,"ABRAC COPO JUNCAO INF. 2""",PRODUTO_ACABADO,UN,0,0,0,12,0,0.65,3.00,
JUN-007,"ABRAC COPO JUNCAO INF. 2 1/2""",PRODUTO_ACABADO,UN,0,0,0,12,0,0.65,3.00,
JUN-008,"ABRAC COPO JUNCAO INF. 3""",PRODUTO_ACABADO,UN,0,0,0,12,0,0.65,3.00,
JUN-009,"ABRAC COPO JUNCAO INF. 3 1/2""",PRODUTO_ACABADO,UN,0,0,0,12,0,0.65,3.00,
JUN-010,"ABRAC COPO JUNCAO INF. 4""",PRODUTO_ACABADO,UN,0,0,0,12,0,0.65,3.00,
JUN-011,"ABRAC COPO JUNCAO INF. 5""",PRODUTO_ACABADO,UN,0,0,0,12,0,0.65,3.00,
JUN-012,"ABRAC COPO JUNCAO INF. 6""",PRODUTO_ACABADO,UN,0,0,0,12,0,0.65,3.00,
JUN-013,"ABRAC COPO JUNCAO SUP. 1/2""",PRODUTO_ACABADO,UN,0,0,0,12,0,0.65,3.00,
JUN-014,"ABRAC COPO JUNCAO SUP. 3/4""",PRODUTO_ACABADO,UN,0,0,0,12,0,0.65,3.00,
JUN-015,"ABRAC COPO JUNCAO SUP. 1""",PRODUTO_ACABADO,UN,0,0,0,12,0,0.65,3.00,
JUN-016,"ABRAC COPO JUNCAO SUP. 1 1/4""",PRODUTO_ACABADO,UN,0,0,0,12,0,0.65,3.00,
JUN-017,"ABRAC COPO JUNCAO SUP. 1 1/2""",PRODUTO_ACABADO,UN,0,0,0,12,0,0.65,3.00,
JUN-018,"ABRAC COPO JUNCAO SUP. 2""",PRODUTO_ACABADO,UN,0,0,0,12,0,0.65,3.00,
JUN-019,"ABRAC COPO JUNCAO SUP. 2 1/2""",PRODUTO_ACABADO,UN,0,0,0,12,0,0.65,3.00,
JUN-020,"ABRAC COPO JUNCAO SUP. 3""",PRODUTO_ACABADO,UN,0,0,0,12,0,0.65,3.00,
JUN-021,"ABRAC COPO JUNCAO SUP. 3 1/2""",PRODUTO_ACABADO,UN,0,0,0,12,0,0.65,3.00,
JUN-022,"ABRAC COPO JUNCAO SUP. 4""",PRODUTO_ACABADO,UN,0,0,0,12,0,0.65,3.00,
JUN-023,"ABRAC COPO JUNCAO SUP. 5""",PRODUTO_ACABADO,UN,0,0,0,12,0,0.65,3.00,
JUN-024,"ABRAC COPO JUNCAO SUP. 6""",PRODUTO_ACABADO,UN,0,0,0,12,0,0.65,3.00,
JUN-025,JUNCAO I,PRODUTO_ACABADO,UN,0,0,0,12,0,0.65,3.00,
JUN-026,JUNCAO L,PRODUTO_ACABADO,UN,0,0,0,12,0,0.65,3.00,
JUN-027,JUNCAO T E X-CORPO,PRODUTO_ACABADO,UN,0,0,0,12,0,0.65,3.00,
PAR-001,"PARAF AA CAB PAN PHIL ZB 4,2 X 32 2x32",PRODUTO_ACABADO,UN,0,0,0,12,0,0.65,3.00,
PAR-002,"PARAF AA CAB PAN PHIL ZB 4,2 X 38 2x38",PRODUTO_ACABADO,UN,0,0,0,12,0,0.65,3.00,
PAR-003,"PARAF AA CAB PAN PHIL ZB 4,8 X 32 8x32",PRODUTO_ACABADO,UN,0,0,0,12,0,0.65,3.00,
PAR-004,"PARAF AA CAB PAN PHIL ZB 4,8 X 38 8x38",PRODUTO_ACABADO,UN,0,0,0,12,0,0.65,3.00,
PAR-005,"PARAF AA CAB PAN PHIL ZB 4,8 X 45 8x45",PRODUTO_ACABADO,UN,0,0,0,12,0,0.65,3.00,
PAR-006,"PARAF AA CAB PAN PHIL ZB 4,8 X 50 8x50",PRODUTO_ACABADO,UN,0,0,0,12,0,0.65,3.00,
PAR-007,"PARAF AA CAB PHIL ZB 4,8 X 38 8x38",PRODUTO_ACABADO,UN,0,0,0,12,0,0.65,3.00,
PAR-008,"PARAF AA CAB PHIL ZB 4,8 X 50 8x50",PRODUTO_ACABADO,UN,0,0,0,12,0,0.65,3.00,
PAR-009,"PARAF CAB LENT FDA 1/4"" X 1/4""",PRODUTO_ACABADO,UN,0,0,0,12,0,0.65,3.00,
PAR-010,"PARAF CAB LENT FDA ZB 1/4"" X 1/4""",PRODUTO_ACABADO,UN,0,0,0,12,0,0.65,3.00,
PAR-011,"PARAF CAB LENT FDA ZB 3/8"" X 3/8""",PRODUTO_ACABADO,UN,0,0,0,12,0,0.65,3.00,
PAR-012,"PARAF CAB LENT FDA ZB 5/16"" X 5/16""",PRODUTO_ACABADO,UN,0,0,0,12,0,0.65,3.00,
PAR-013,"PARAF CAB LENT TVA ZB 1/4"" X 1/4""",PRODUTO_ACABADO,UN,0,0,0,12,0,0.65,3.00,
PAR-014,"PARAF CAB LENT TVA ZB 1/4"" X 1 1/2""",PRODUTO_ACABADO,UN,0,0,0,12,0,0.65,3.00,
PAR-015,"PARAF CAB LENT TVA ZB 3/8"" X 3/8""",PRODUTO_ACABADO,UN,0,0,0,12,0,0.65,3.00,
PAR-016,"PARAF CAB LENT TVA ZB 3/8"" X 1 1/2""",PRODUTO_ACABADO,UN,0,0,0,12,0,0.65,3.00,
PAR-017,"PARAF CAB LENT TVA ZB 5/16"" X 5/16""",PRODUTO_ACABADO,UN,0,0,0,12,0,0.65,3.00,
PAR-018,"PARAF CAB PAN FDA ZB 4,2 X 32 2x32",PRODUTO_ACABADO,UN,0,0,0,12,0,0.65,3.00,
PAR-019,"PARAF CAB PAN FDA ZB 4,8 X 38 8x38",PRODUTO_ACABADO,UN,0,0,0,12,0,0.65,3.00,
PAR-020,"PARAF CAB PAN FDA ZB 4,8 X 50 8x50",PRODUTO_ACABADO,UN,0,0,0,12,0,0.65,3.00,
PAR-021,"PARAF CAB PAN PHIL ZB 4,2 X 38 2x38",PRODUTO_ACABADO,UN,0,0,0,12,0,0.65,3.00,
PAR-022,"PARAF CAB PAN PHIL ZB 4,8 X 32 8x32",PRODUTO_ACABADO,UN,0,0,0,12,0,0.65,3.00,
PAR-023,"PARAF CAB PAN PHIL ZB 4,8 X 38 8x38",PRODUTO_ACABADO,UN,0,0,0,12,0,0.65,3.00,
PAR-024,"PARAF CAB PAN PHIL ZB 4,8 X 45 8x45",PRODUTO_ACABADO,UN,0,0,0,12,0,0.65,3.00,
PAR-025,"PARAF CAB PAN PHIL ZB 4,8 X 50 8x50",PRODUTO_ACABADO,UN,0,0,0,12,0,0.65,3.00,
PAR-026,"PARAF CAB PHIL ZB 4,2 X 32 2x32",PRODUTO_ACABADO,UN,0,0,0,12,0,0.65,3.00,
PAR-027,"PARAF CAB RED FDA PH 3/16"" X 3/16""",PRODUTO_ACABADO,UN,0,0,0,12,0,0.65,3.00,
PAR-028,"PARAF CAB RED FDA ZB 1/4"" X 1/4""",PRODUTO_ACABADO,UN,0,0,0,12,0,0.65,3.00,
PARIX-001,"PARAF CAB LENT FDA INOX 1/4"" X 1/4""",PRODUTO_ACABADO,UN,0,0,0,12,0,0.65,3.00,
PARIX-002,"PARAF CAB LENT TVA INOX 1/4"" X 1/4""",PRODUTO_ACABADO,UN,0,0,0,12,0,0.65,3.00,
PARIX-003,"PARAF CAB LENT TVA INOX 1/4"" X 1 1/2""",PRODUTO_ACABADO,UN,0,0,0,12,0,0.65,3.00,
PARIX-004,"PARAF CAB LENT TVA INOX 3/8"" X 3/8""",PRODUTO_ACABADO,UN,0,0,0,12,0,0.65,3.00,
PARIX-005,"PARAF CAB LENT TVA INOX 5/16"" X 5/16""",PRODUTO_ACABADO,UN,0,0,0,12,0,0.65,3.00,
PARIX-006,"PARAF CAB RED FDA INOX 1/4"" X 1/4""",PRODUTO_ACABADO,UN,0,0,0,12,0,0.65,3.00,
